{
  "accuracy": 0.9477611940298507,
  "precision": 0.9838709677419355,
  "recall": 0.9104477611940298,
  "classification_report": {
    "0": {
      "precision": 0.9166666666666666,
      "recall": 0.9850746268656716,
      "f1-score": 0.9496402877697842,
      "support": 134.0
    },
    "1": {
      "precision": 0.9838709677419355,
      "recall": 0.9104477611940298,
      "f1-score": 0.9457364341085271,
      "support": 134.0
    },
    "accuracy": 0.9477611940298507,
    "macro avg": {
      "precision": 0.950268817204301,
      "recall": 0.9477611940298507,
      "f1-score": 0.9476883609391556,
      "support": 268.0
    },
    "weighted avg": {
      "precision": 0.9502688172043011,
      "recall": 0.9477611940298507,
      "f1-score": 0.9476883609391556,
      "support": 268.0
    }
  }
}